rule,proof_loc,proof_files,eo_prog_loc,eo_prog_defs
Bv_extract_mult_leading_bit,124075,49,1112,202
Bv_mult_slt_mult_1,117194,47,1114,202
Bv_mult_slt_mult_2,117194,47,1114,202
String_reduction,115009,51,1316,215
Bv_bitblast_step,113245,54,1475,262
Quant_dt_split,112539,67,1139,203
Evaluate,111926,41,1616,271
Quant_var_elim_eq,106241,64,478,74
Seq_eval_op,80753,34,1330,245
Str_in_re_consume,78931,24,1465,258
Str_ctn_multiset_subset,78884,38,1337,249
Alpha_equiv,75701,49,1133,204
Skolemize,73833,48,488,76
Instantiate,72506,48,1106,198
Str_len_replace_all_inv,71941,34,281,29
Str_replace_all_no_contains,71895,34,281,29
Str_replace_all_empty,71872,34,263,21
Str_replace_all_self,71863,34,262,21
Str_replace_all_id,71842,34,246,15
Str_overlap_endpoints_replace,70171,33,1321,247
Str_overlap_endpoints_ctn,70168,33,1319,247
Str_overlap_split_ctn,70110,33,1313,245
Str_overlap_endpoints_indexof,70097,33,1319,247
Sets_member_singleton,63960,33,246,15
Sets_subset_elim,63960,33,246,15
Sets_is_empty_elim,63911,33,246,15
Sets_inter_comm,63910,33,246,15
Sets_union_comm,63896,33,246,15
Sets_choose_singleton,63875,33,245,15
Sets_eq_singleton_emp,63793,33,280,29
Sets_inter_emp1,63791,33,280,29
Sets_inter_emp2,63791,33,280,29
Sets_minus_emp1,63791,33,280,29
Sets_minus_emp2,63791,33,280,29
Sets_union_emp1,63791,33,280,29
Sets_union_emp2,63791,33,280,29
Sets_member_emp,63788,33,280,29
Sets_minus_self,63782,33,246,15
Sets_eval_op,61157,32,1298,242
Str_replace_re_all_eval,55897,24,1334,244
Distinct_true,55877,28,1156,212
Distinct_values,55529,28,1139,208
Dt_cons_eq_clash,55514,28,1138,208
Dt_collapse_updater,54677,24,1093,198
Str_indexof_re_eval,54394,22,1324,240
Str_replace_re_eval,54134,23,1324,240
Dt_cycle,52780,25,315,36
Str_replace_one_pre,46597,31,1128,207
Str_indexof_contains_concat_pre,46420,31,1122,206
Str_replace_find_pre,46328,31,1122,206
Str_repl_repl_lookahead_id_simp,46179,31,283,29
Dt_cons_eq,44468,24,420,66
Aci_norm,40875,10,1234,227
Dt_collapse_tester,39683,22,304,34
Re_concat_merge,39349,24,392,57
Str_in_re_contains,39075,22,248,15
Bv_and_concat_pullup,38725,18,1133,207
Bv_or_concat_pullup,38725,18,1133,207
Bv_xor_concat_pullup,38725,18,1133,207
Bv_and_concat_pullup2,38617,18,1133,207
Bv_and_concat_pullup3,38617,18,1135,207
Bv_or_concat_pullup2,38617,18,1133,207
Bv_or_concat_pullup3,38617,18,1135,207
Bv_xor_concat_pullup2,38617,18,1133,207
Bv_xor_concat_pullup3,38617,18,1135,207
Bv_mult_pow2_1,38435,29,409,61
Bv_mult_pow2_2,38435,29,409,61
Str_from_int_no_ctn_nondigit,37609,21,280,29
Pairwise_cong,37540,20,275,23
Cong,37491,20,396,58
Nary_cong,37491,20,276,23
Ho_cong,37469,20,254,17
Re_concat_star_repeat,37175,21,394,57
Re_concat_star_swap,37150,21,382,54
Re_star_union_drop_emp,37148,21,390,57
Re_star_union_char,37100,21,378,54
Str_in_re_from_int_nemp_dig_range,36747,20,265,22
Re_inter_cstring_neg,36557,20,281,29
Str_in_re_inter_elim,36319,19,388,55
Str_in_re_union_elim,36319,19,388,55
Re_inter_cstring,36311,20,283,29
Str_in_re_from_int_dig_range,36260,20,247,16
Re_in_cstring,36257,19,246,15
Re_union_const_elim,36245,19,280,29
Re_inter_all,36097,19,390,57
Re_union_all,36076,19,380,54
Re_inter_inclusion,35975,19,1398,245
Re_union_inclusion,35974,19,1398,245
Concat_cprop,35280,12,1324,245
Quant_unused_vars,35015,9,503,83
Quant_miniscope_ite,34643,11,436,67
Quant_miniscope_or,34215,11,460,71
Re_unfold_neg_concat_fixed,34104,16,426,63
Re_concat_star_nullable1,32090,18,397,58
Re_concat_star_nullable2,32089,18,397,58
Bv_ult_add_one,30407,24,407,61
Bv_and_simplify_1,29711,22,393,58
Bv_and_simplify_2,29711,22,393,58
Bv_or_simplify_1,29646,22,393,58
Bv_or_simplify_2,29646,22,393,58
Re_eq_elim,29121,12,429,67
Bv_xor_ones,28858,22,404,61
Bv_concat_extract_merge,28850,15,407,61
Bv_concat_merge_const,27523,14,409,61
Arith_string_pred_safe_approx,27402,13,475,71
Arith_string_pred_entail,27335,13,413,60
Str_in_re_eval,25137,9,1302,237
Bv_sign_extend_eq_const_1,24791,19,289,29
Bv_sign_extend_eq_const_2,24791,19,289,29
Bv_sign_extend_ult_const_2,24771,19,283,29
Bv_sign_extend_ult_const_4,24771,19,283,29
Bv_zero_extend_eq_const_1,24770,19,286,29
Bv_zero_extend_eq_const_2,24770,19,286,29
Bv_sign_extend_ult_const_1,24758,19,285,29
Bv_sign_extend_ult_const_3,24758,19,285,29
Bv_zero_extend_ult_const_1,24758,19,285,29
Bv_zero_extend_ult_const_2,24758,19,285,29
Re_unfold_pos,24435,13,325,34
Str_to_int_concat_neg_one,24289,18,391,58
Str_replace_find_base,24246,17,1106,202
Str_eq_ctn_false,24164,18,392,58
Str_replace_find_first_concat,24151,17,284,29
Str_contains_concat_find,24125,18,392,58
Str_contains_concat_find_contra,24095,18,392,58
Bv_mult_pow2_2b,23947,23,1106,202
Bv_xor_simplify_1,23719,13,394,57
Bv_xor_simplify_2,23719,13,392,57
Bv_xor_simplify_3,23719,13,392,57
Str_update_in_first_concat,23646,16,284,29
Str_indexof_contains_pre,23489,16,282,29
Bv_extract_concat_2,23438,11,409,61
Bv_extract_concat_3,23413,11,409,61
Str_contains_split_char,23390,16,391,56
Bv_extract_concat_1,23342,11,395,58
Bv_extract_concat_4,23341,11,408,61
Str_leq_concat_true,23013,15,393,58
Str_leq_concat_false,22967,15,393,58
Re_unfold_neg,22899,13,400,58
Dt_collapse_selector,22712,10,1093,199
Str_substr_len_include_pre,22643,15,1120,205
Str_substr_concat2,22578,15,400,59
Arrays_ext,21538,12,250,16
Bv_udiv_pow2_not_one,21475,21,283,29
Bv_urem_pow2_not_one,21474,21,283,29
Bv_ashr_by_const_1,21228,20,282,29
Bv_lshr_by_const_1,21228,20,282,29
Bv_shl_by_const_1,21228,20,282,29
Concat_eq,21185,9,1146,212
Concat_lprop,21066,11,1140,207
Seq_rev_concat,20954,12,1122,206
String_eager_reduction,20795,12,1138,204
Str_substr_combine3,20695,14,285,29
Str_substr_combine4,20655,14,285,29
Str_substr_combine1,20624,14,285,29
Concat_split,20617,11,1142,207
Str_substr_combine2,20577,14,285,29
Str_substr_replace,20497,14,282,29
Str_substr_concat1,20430,14,282,29
Str_substr_len_include,20417,14,282,29
Str_substr_ctn_contra,20364,14,282,29
Str_contains_repl_char,20296,13,284,29
Str_substr_ctn,20281,14,247,15
Str_repl_repl_src_inv_no_ctn3,20267,13,285,29
Str_concat_unify_rev,20250,11,1125,206
Str_concat_unify_base_rev,20244,11,1122,206
Str_repl_repl_dual_ite2,20214,13,284,29
Str_repl_repl_dual_ite1,20190,13,284,29
Str_concat_unify_base,20181,11,391,56
Str_concat_unify,20169,11,390,55
Str_repl_repl_src_tgt_no_ctn,20152,13,284,29
Str_contains_repl_self_tgt_char,20149,13,263,21
Str_repl_repl_tgt_no_ctn,20134,13,282,29
Str_repl_repl_src_inv_no_ctn1,20126,13,283,29
Str_repl_repl_src_inv_no_ctn2,20126,13,283,29
Arith_mod_over_mod,19839,11,396,58
Arith_mod_over_mod_mult,19839,11,396,58
Str_replace_dual_ctn_false,19618,11,282,29
Str_replace_dual_ctn,19598,11,282,29
Str_leq_concat_base_1,19524,12,281,29
Str_leq_concat_base_2,19523,12,283,29
Str_contains_repl_tgt,19519,12,249,15
Str_replace_self_ctn_simp,19464,11,248,15
Str_contains_repl_self,19395,11,246,15
Str_eq_repl_no_change,19394,11,281,29
Str_replace_empty,19387,11,1104,202
Str_eq_repl_emp_tgt_nemp,19381,11,282,29
Str_eq_repl_nemp_src_emp,19368,11,282,29
Str_replace_prefix,19367,11,250,15
Str_replace_emp_ctn_src,19349,11,265,21
Str_eq_repl_self_emp,19331,11,263,21
Str_len_replace_inv,19296,11,281,29
Str_eq_repl_self_src,19288,11,246,15
Str_eq_repl_len_one_emp_prefix,19276,11,281,29
Str_repl_repl_len_id,19269,11,280,29
Str_replace_no_contains,19257,11,281,29
Str_eq_repl_tgt_eq_len,19240,11,283,29
Str_replace_id,19191,11,246,15
Str_replace_self,19174,11,246,15
Str_repl_repl_src_self,19140,11,249,15
Str_repl_repl_dual_self,19097,11,248,15
Str_repl_repl_tgt_self,19074,11,246,15
Concat_csplit,19055,8,1127,206
Dt_inst,19026,9,1109,202
Bv_ashr_by_const_2,18898,19,283,29
Bv_shl_by_const_2,18882,19,282,29
Bv_lshr_by_const_2,18865,19,283,29
Str_contains_char,18733,11,270,23
Str_indexof_eq_irr,18729,10,282,29
Str_substr_eq_empty_leq_len,18703,10,282,29
Str_substr_eq_empty,18687,10,282,29
Str_len_substr_in_range,18663,10,281,29
Str_substr_z_eq_empty_leq,18592,10,281,29
Str_concat_clash_rev,18589,10,1112,204
Str_indexof_no_contains,18589,10,281,29
Str_concat_clash2_rev,18568,10,1111,204
Str_indexof_find_emp,18528,10,281,29
Str_concat_clash,18516,10,282,29
Str_concat_clash2,18509,10,281,29
Str_suffixof_one,18456,10,262,21
Str_substr_len_norm,18453,10,283,29
Str_suffixof_eq,18452,10,280,29
Str_prefixof_one,18450,10,262,21
Str_indexof_self,18445,10,257,17
Str_len_update_inv,18436,10,247,15
Str_contains_leq_len_eq,18409,10,280,29
Str_indexof_oob,18396,10,281,29
Str_substr_full,18392,10,280,29
Str_prefixof_eq,18384,10,280,29
Str_substr_full_eq,18378,10,280,29
Str_indexof_oob2,18360,10,263,21
Concat_unify,18345,8,1122,206
Str_contains_emp,18324,10,262,21
Str_eq_len_false,18314,10,280,29
Str_is_digit_elim,18298,10,247,15
Str_eq_ctn_full_false1,18297,10,280,29
Str_eq_ctn_full_false2,18296,10,280,29
Str_leq_empty,18289,10,245,15
Str_leq_empty_eq,18289,10,245,15
Str_contains_refl,18232,10,245,15
String_ext,18196,10,1041,187
String_decompose,18088,8,1116,203
Str_len_eq_zero_concat_rec,17870,9,391,56
Str_substr_substr_start_geq_len,17806,9,291,31
Str_to_lower_concat,17777,9,386,55
Str_to_upper_concat,17777,9,386,55
Str_substr_char_start_eq_len,17643,9,270,23
Str_substr_empty_start,17638,9,289,31
Str_substr_empty_range,17633,9,271,23
Str_substr_empty_start_neg,17633,9,271,23
Str_len_concat_rec,17599,9,386,55
Str_len_eq_zero_base,17477,9,254,17
Str_substr_empty_str,17477,9,263,21
String_code_inj,17454,9,248,15
Str_to_lower_from_int,17431,9,247,15
Str_to_upper_from_int,17431,9,247,15
String_length_pos,17431,9,1034,186
Str_to_lower_upper,17430,9,245,15
Str_to_upper_lower,17428,9,245,15
Str_at_elim,17412,9,246,15
Str_to_lower_len,17372,9,245,15
Str_to_upper_len,17372,9,245,15
Seq_len_rev,17363,9,245,15
Seq_rev_rev,17359,9,245,15
Seq_nth_unit,17332,9,245,15
Arith_abs_real_gt,17330,13,253,16
Arith_abs_int_gt,17323,13,251,15
Arith_mult_neg,17322,15,1115,203
Arith_mult_pos,17322,15,1122,202
Arith_mult_abs_comparison,17317,15,1131,209
Seq_rev_unit,17315,9,247,15
Seq_len_unit,17310,9,245,15
Bv_ule_max,17140,18,281,29
Bv_ult_ones,17092,18,1106,202
Bv_ssubo_eliminate,17004,18,289,29
Arith_elim_gt,16999,13,246,15
Arith_elim_int_gt,16999,13,246,15
Arith_elim_int_lt,16999,13,246,15
Arith_elim_leq,16999,13,246,15
Arith_elim_lt,16999,13,246,15
Arith_eq_elim_int,16999,13,246,15
Arith_eq_elim_real,16999,13,246,15
Arith_geq_norm1_int,16999,13,246,15
Arith_geq_norm1_real,16999,13,248,16
Arith_geq_tighten,16999,13,246,15
Arith_leq_norm,16999,13,246,15
Arith_max_geq1,16999,13,246,15
Arith_max_geq2,16999,13,246,15
Arith_min_lt1,16999,13,246,15
Arith_min_lt2,16999,13,246,15
Arith_div_total_zero_int,16993,13,247,16
Arith_div_total_zero_real,16993,13,247,16
Arith_to_int_elim_to_real,16993,13,245,15
Bv_saddo_eliminate,16265,17,1112,202
Chain_m_resolution,15399,10,465,71
Chain_resolution,15399,10,436,65
Factoring,15399,10,401,59
Reordering,15399,10,400,58
Resolution,15399,10,410,60
Bv_uaddo_eliminate,14732,15,1108,202
Arith_mult_sign,14464,10,1076,194
Array_read_over_write_split,14340,12,248,15
Array_store_swap,14284,11,285,29
Bv_smulo_elim,14280,8,1166,209
Array_read_over_write2,14183,11,282,29
Sets_ext,14056,11,250,16
Bv_usubo_eliminate,14039,14,283,29
Absorb,13955,10,1092,200
Array_store_overwrite,13898,11,250,15
Arrays_read_over_write_1,13893,11,257,20
Array_read_over_write,13842,11,247,15
Array_store_self,13806,11,246,15
Bv_eq_extract_elim1,13688,10,285,29
Arith_geq_ite_lift,13672,11,250,15
Arith_leq_ite_lift,13672,11,250,15
And_elim,13660,10,384,56
Equiv_elim1,13660,10,248,16
Equiv_elim2,13660,10,248,16
Ite_elim1,13660,10,248,16
Ite_elim2,13660,10,248,16
Not_and,13660,10,256,18
Not_equiv_elim1,13660,10,248,16
Not_equiv_elim2,13660,10,248,16
Not_ite_elim1,13660,10,248,16
Not_ite_elim2,13660,10,248,16
Not_or_elim,13660,10,388,57
Not_xor_elim1,13660,10,248,16
Not_xor_elim2,13660,10,248,16
Xor_elim1,13660,10,248,16
Xor_elim2,13660,10,248,16
Bv_eq_extract_elim2,13629,10,283,29
Bv_eq_extract_elim3,13629,10,283,29
Bv_extract_sign_extend_3,13422,12,284,29
Bv_rotate_left_eliminate_1,13387,11,283,29
Bv_rotate_right_eliminate_1,13383,11,283,29
Arith_poly_norm,13325,8,400,56
Bv_poly_norm,12963,8,1133,205
Bv_srem_eliminate,12890,13,286,29
Re_loop_star,12743,11,283,29
Dt_split,12618,10,1060,193
Bv_merge_sign_extend_2,12536,11,282,29
Bv_merge_sign_extend_1,12512,11,282,29
Bv_xor_duplicate,12504,9,1105,202
Bv_eq_xor_solve,12476,9,1102,201
Bv_not_xor,12476,9,249,15
Bv_commutative_xor,12471,9,1102,201
Bv_xor_not,12469,9,1101,201
Bv_sdiv_eliminate,12450,12,287,29
Bv_extract_sign_extend_2,12437,11,284,29
Arith_reduction,12403,7,1155,206
Arith_trichotomy,12384,8,304,33
Ite_neg_branch,12274,11,281,29
Eq_cond_deq,12095,10,285,29
Eq_ite_lift,12076,10,250,15
Ite_expand,12064,10,247,15
Bool_not_ite_elim,12044,10,249,15
Bool_or_and_distrib,12007,9,389,55
Bool_not_eq_elim2,11986,10,248,15
Bool_not_eq_elim1,11983,10,246,15
Bool_implies_or_distrib,11948,9,387,55
Bool_and_de_morgan,11874,9,386,55
Bool_or_de_morgan,11874,9,386,55
Bv_bitwise_slicing,11793,7,1218,227
Bv_smod_eliminate,11759,8,1119,202
Arith_poly_norm_rel,11714,8,346,50
Arith_sum_ub,11700,8,1065,192
Ite_eq,11680,9,248,15
Bool_and_conf2,11650,9,380,54
Bool_or_taut2,11649,9,380,54
Bool_and_conf,11648,9,380,54
Bool_or_taut,11648,9,380,54
Bool_implies_de_morgan,11644,9,246,15
Bool_dual_impl_eq,11641,9,246,15
Ite_else_true,11638,9,246,15
Ite_then_false,11638,9,246,15
Cnf_ite_pos3,11636,9,245,15
Bool_impl_elim,11634,9,246,15
Ite_else_false,11632,9,246,15
Ite_then_true,11632,9,246,15
Cnf_ite_neg3,11630,9,245,15
Str_in_re_concat_star_char,11628,8,308,32
Bool_not_xor_elim,11625,9,246,15
Bool_xor_elim,11624,9,246,15
Ite_else_lookahead_not_self,11624,9,248,15
Ite_then_lookahead_not_self,11624,9,248,15
Ite_else_lookahead_self,11620,9,248,15
Ite_then_lookahead_self,11620,9,248,15
Cnf_ite_pos1,11618,9,245,15
Bool_xor_comm,11617,9,246,15
Bv_umulo_elim,11614,8,1154,209
Cnf_ite_pos2,11611,9,245,15
Cnf_ite_neg1,11609,9,245,15
Cnf_ite_neg2,11601,9,245,15
Dt_updater_elim,11593,9,1128,205
Cnf_equiv_pos1,11590,9,245,15
Cnf_equiv_pos2,11590,9,245,15
Bool_impl_false2,11589,9,245,15
Bool_xor_nrefl,11589,9,245,15
Bool_impl_false1,11588,9,245,15
Bool_xor_true,11588,9,245,15
Cnf_equiv_neg2,11587,9,245,15
Bool_impl_true1,11584,9,245,15
Bool_impl_true2,11583,9,245,15
Bool_xor_false,11583,9,245,15
Bool_xor_refl,11581,9,245,15
Cnf_or_neg,11581,9,385,56
Cnf_xor_pos2,11580,9,245,15
Cnf_implies_pos,11573,9,245,15
Cnf_equiv_neg1,11569,9,245,15
Cnf_and_pos,11567,9,385,56
Cnf_xor_pos1,11566,9,245,15
Cnf_xor_neg1,11562,9,245,15
Cnf_xor_neg2,11561,9,245,15
Str_in_re_sigma_star,11559,10,278,27
Cnf_implies_neg2,11554,9,245,15
Cnf_implies_neg1,11548,9,245,15
Split,11542,9,245,15
Cnf_and_neg,11532,9,253,17
Cnf_or_pos,11524,9,245,15
Bv_extract_sign_extend_1,11454,10,284,29
Bv_ite_merge_then_else,11438,10,248,15
Bv_ite_merge_else_else,11433,10,248,15
Bv_ite_merge_then_if,11427,10,248,15
Bv_ite_merge_else_if,11401,10,248,15
Re_loop_neg,11381,8,281,29
Re_loop_elim,11348,8,1140,209
Str_in_re_sigma,11343,10,284,27
Bv_sdivo_eliminate,11164,10,282,29
Str_in_re_range_elim,11096,9,283,29
Arith_mult_tangent,11080,8,1116,202
Re_range_emp,10987,9,280,29
Quant_merge_prenex,10953,8,406,61
Bv_extract_extract,10947,9,285,29
Quant_miniscope_and,10922,8,262,21
Re_in_sigma,10922,10,245,15
Re_in_sigma_star,10907,10,245,15
Bv_extract_not,10886,9,249,15
Re_inter,10884,10,260,21
Re_in_comp,10809,9,248,15
Re_concat,10801,9,380,55
Re_diff_elim,10797,9,246,15
Bv_nand_eliminate,10784,9,1099,201
Bv_nor_eliminate,10784,9,1099,201
Bv_xnor_eliminate,10784,9,1099,201
Re_opt_elim,10719,9,245,15
Re_in_empty,10706,9,245,15
Sets_inter_member,10632,9,249,15
Re_range_refl,10628,8,261,21
Distinct_card_conflict,10625,7,1065,194
Re_range_non_singleton_1,10613,8,262,21
Re_range_non_singleton_2,10613,8,262,21
Bv_poly_norm_eq,10583,7,298,35
Bv_rotate_left_eliminate_2,10583,9,280,29
Bv_rotate_right_eliminate_2,10583,9,280,29
Bv_commutative_add,10554,9,1102,201
Bv_sub_eliminate,10552,9,1099,201
Sets_minus_member,10541,9,249,15
Uf_sbv_to_int_elim,10541,7,283,29
Sets_union_member,10536,9,249,15
Quant_var_reordering,10485,8,407,60
Bv_ugt_urem,10454,8,283,29
Bv_redand_eliminate,10432,9,280,29
Bv_redor_eliminate,10420,9,280,29
Sets_is_singleton_elim,10419,9,245,15
Uf_bv2nat_int2bv_extend,10376,7,281,29
Uf_bv2nat_int2bv_extract,10376,8,281,29
Bv_nego_eliminate,10316,9,280,29
Distinct_false,10313,7,388,56
Bv_ite_equal_cond_3,10298,9,252,15
Str_indexof_re_emp_re,10295,8,281,29
Uf_bv2nat_geq_elim,10292,7,281,29
Bv_ite_equal_cond_2,10252,9,251,15
Int_tight_lb,10233,8,296,34
Int_tight_ub,10233,8,316,39
Exists_elim,10215,8,275,28
Distinct_elim,10198,7,392,57
Dt_collapse_tester_singleton,10180,8,1043,189
Arith_abs_eq,10178,8,248,15
Ubv_to_int_elim,10176,7,1148,211
Int_to_bv_elim,10175,7,1160,216
Bv_extract_whole,10137,8,280,29
Arith_int_geq_tighten,10134,8,281,29
Bv_urem_self,10131,8,280,29
Arrays_read_over_write_contra,10094,7,278,29
Bv_comp_eliminate,10086,8,248,15
Ite_then_neg_lookahead,10079,8,250,15
Ite_else_neg_lookahead,10060,8,250,15
Bv_ult_one,10049,7,264,21
Ite_else_lookahead,10046,8,251,15
Ite_then_lookahead,10046,8,251,15
Bv_ite_equal_cond_1,10037,9,251,15
Arrays_read_over_write,10035,7,278,29
Process_scope,10030,7,289,26
Ite_not_cond,10019,8,247,15
Str_replace_re_all_none,10019,8,246,15
Str_replace_re_none,10006,8,246,15
Bv_ite_width_one_not,9997,8,248,15
Bv_zero_extend_eliminate,9985,7,246,15
Str_indexof_re_none,9979,8,246,15
Arith_int_eq_conflict,9977,8,280,29
Distinct_binary_elim,9975,8,1099,201
Bv_ite_const_children_1,9971,8,247,15
Eq_symm,9971,8,246,15
Str_suffixof_elim,9971,8,248,15
Arith_int_div_total_neg,9965,8,264,21
Bv_ite_width_one,9958,8,248,15
Ite_eq_branch,9955,8,246,15
Bv_not_neq,9953,7,261,21
Exists_string_length,9953,7,264,22
Arith_divisible_elim,9950,8,262,21
Arith_int_div_total,9950,8,262,21
Arith_int_mod_total,9950,8,262,21
Arith_int_mod_total_neg,9947,8,264,21
Bv_repeat_elim,9947,7,1140,210
Ite_false_cond,9944,8,246,15
Ite_true_cond,9944,8,246,15
Str_prefixof_elim,9940,8,246,15
String_length_non_empty,9939,7,261,21
Re_plus_elim,9937,8,245,15
Bv_ite_const_children_2,9936,8,247,15
Arith_mod_over_mod_1,9923,8,264,21
Str_lt_elim,9916,8,246,15
Trans,9913,7,262,21
Bv_eq_not_solve,9899,7,246,15
Bv_ite_equal_children,9894,8,246,15
Uf_bv2nat_int2bv,9893,7,280,29
Re_repeat_elim,9887,8,246,15
Bv_ashr_zero,9872,7,248,15
Uf_int2bv_bvule_equiv,9866,7,246,15
Bv_ashr_by_const_0,9865,7,246,15
Bv_sign_extend_eliminate_0,9863,7,245,15
Bv_lshr_zero,9861,7,248,15
Bv_shl_zero,9861,7,248,15
Bv_ult_zero_2,9853,8,246,15
Bv_sle_eliminate,9849,7,246,15
Bv_ule_eliminate,9848,7,246,15
Bv_not_ult,9846,7,246,15
Bv_commutative_comp,9843,7,246,15
Bv_urem_one,9840,7,248,15
Re_star_star,9840,8,247,15
Uf_int2bv_bvult_equiv,9839,7,246,15
Bv_ult_zero_1,9837,7,248,15
Bv_udiv_one,9825,7,246,15
Bv_udiv_zero,9815,7,248,15
Bv_ule_zero,9815,7,248,15
Bv_sge_eliminate,9787,7,246,15
Bv_sgt_eliminate,9787,7,246,15
Bv_uge_eliminate,9787,7,246,15
Bv_ugt_eliminate,9787,7,246,15
Bv_lshr_by_const_0,9781,7,246,15
Bv_zero_ule,9780,7,246,15
Bv_shl_by_const_0,9777,7,246,15
Uf_int2bv_bv2nat,9773,7,246,15
Eq_resolve,9771,8,260,21
Sets_insert_elim,9754,7,262,21
Bv_lt_self,9734,8,245,15
Sets_singleton_inj,9732,7,248,16
Bool_not_false,9731,7,261,21
Bv_ult_self,9728,8,245,15
Bv_not_idemp,9721,7,245,15
String_seq_unit_inj,9720,7,248,16
Bool_not_true,9716,7,261,21
Implies_elim,9697,7,248,16
Symm,9691,7,252,17
Bv_zero_extend_eliminate_0,9676,7,245,15
Bv_sle_self,9640,7,245,15
Bv_ule_self,9638,7,245,15
Modus_ponens,9634,7,260,21
Contra,9631,7,260,21
Not_not_elim,9631,7,248,16
Arith_int_mod_total_one,9630,7,245,15
Arith_int_div_total_zero,9625,7,245,15
Arith_int_div_total_one,9622,7,245,15
Arith_int_mod_total_zero,9622,7,245,15
Scope,9615,7,249,16
True_elim,9614,8,248,16
False_elim,9613,7,248,16
Not_implies_elim2,9610,7,248,16
Not_implies_elim1,9608,7,248,16
Bool_eq_false,9595,7,245,15
Bool_eq_nrefl,9593,7,245,15
Bool_eq_true,9583,7,245,15
False_intro,9583,7,248,16
Bool_double_not_elim,9576,7,245,15
Refl,9576,7,245,15
Eq_refl,9563,7,245,15
Skolem_intro,9561,7,245,15
True_intro,9535,7,248,16
Re_star_emp,9534,7,245,15
Re_star_none,9525,7,243,15
Re_all_elim,9524,7,243,15
And_intro,9493,7,248,16
