rule	status
absorb	Proven
aci_norm	Proven
alpha_equiv	Proven
and_elim	Proven
and_intro	Proven
arith_abs_eq	Proven
arith_abs_int_gt	Proven
arith_abs_real_gt	Proven
arith_div_total_zero_int	Proven
arith_div_total_zero_real	Proven
arith_divisible_elim	Proven
arith_elim_gt	Proven
arith_elim_int_gt	Proven
arith_elim_int_lt	Proven
arith_elim_leq	Proven
arith_elim_lt	Proven
arith_eq_elim_int	Proven
arith_eq_elim_real	Proven
arith_geq_ite_lift	Proven
arith_geq_norm1_int	Proven
arith_geq_norm1_real	Proven
arith_geq_tighten	Proven
arith_int_div_total	Proven
arith_int_div_total_neg	Proven
arith_int_div_total_one	Proven
arith_int_div_total_zero	Proven
arith_int_eq_conflict	Proven
arith_int_geq_tighten	Proven
arith_int_mod_total	Proven
arith_int_mod_total_neg	Proven
arith_int_mod_total_one	Proven
arith_int_mod_total_zero	Proven
arith_leq_ite_lift	Proven
arith_leq_norm	Proven
arith_max_geq1	Proven
arith_max_geq2	Proven
arith_min_lt1	Proven
arith_min_lt2	Proven
arith_mod_over_mod	Proven
arith_mod_over_mod_1	Proven
arith_mod_over_mod_mult	Proven
arith_mult_abs_comparison	Proven
arith_mult_neg	Proven
arith_mult_pos	Proven
arith_mult_sign	Proven
arith_mult_tangent	Proven
arith_poly_norm	Proven
arith_poly_norm_rel	Proven
arith_reduction	Proven
arith_string_pred_entail	Proven
arith_string_pred_safe_approx	Proven
arith_sum_ub	Proven
arith_to_int_elim_to_real	Proven
arith_trichotomy	Proven
array_read_over_write	Proven
array_read_over_write2	Proven
array_read_over_write_split	Proven
array_store_overwrite	Proven
array_store_self	Proven
array_store_swap	Proven
arrays_ext	Proven
arrays_read_over_write	Proven
arrays_read_over_write_1	Proven
arrays_read_over_write_contra	Proven
bool_and_conf	Proven
bool_and_conf2	Proven
bool_and_de_morgan	Proven
bool_double_not_elim	Proven
bool_dual_impl_eq	Proven
bool_eq_false	Proven
bool_eq_nrefl	Proven
bool_eq_true	Proven
bool_impl_elim	Proven
bool_impl_false1	Proven
bool_impl_false2	Proven
bool_impl_true1	Proven
bool_impl_true2	Proven
bool_implies_de_morgan	Proven
bool_implies_or_distrib	Proven
bool_not_eq_elim1	Proven
bool_not_eq_elim2	Proven
bool_not_false	Proven
bool_not_ite_elim	Proven
bool_not_true	Proven
bool_not_xor_elim	Proven
bool_or_and_distrib	Proven
bool_or_de_morgan	Proven
bool_or_taut	Proven
bool_or_taut2	Proven
bool_xor_comm	Proven
bool_xor_elim	Proven
bool_xor_false	Proven
bool_xor_nrefl	Proven
bool_xor_refl	Proven
bool_xor_true	Proven
bv_and_concat_pullup	Proven
bv_and_concat_pullup2	Proven
bv_and_concat_pullup3	Proven
bv_and_simplify_1	Proven
bv_and_simplify_2	Proven
bv_ashr_by_const_0	Proven
bv_ashr_by_const_1	Proven
bv_ashr_by_const_2	Proven
bv_ashr_zero	Proven
bv_bitblast_step	Proven
bv_bitwise_slicing	Proven
bv_commutative_add	Proven
bv_commutative_comp	Proven
bv_commutative_xor	Proven
bv_comp_eliminate	Proven
bv_concat_extract_merge	Proven
bv_concat_merge_const	Proven
bv_eq_extract_elim1	Proven
bv_eq_extract_elim2	Proven
bv_eq_extract_elim3	Proven
bv_eq_not_solve	Proven
bv_eq_xor_solve	Proven
bv_extract_concat_1	Proven
bv_extract_concat_2	Proven
bv_extract_concat_3	Proven
bv_extract_concat_4	Proven
bv_extract_extract	Proven
bv_extract_mult_leading_bit	Proven
bv_extract_not	Proven
bv_extract_sign_extend_1	Proven
bv_extract_sign_extend_2	Proven
bv_extract_sign_extend_3	Proven
bv_extract_whole	Proven
bv_ite_const_children_1	Proven
bv_ite_const_children_2	Proven
bv_ite_equal_children	Proven
bv_ite_equal_cond_1	Proven
bv_ite_equal_cond_2	Proven
bv_ite_equal_cond_3	Proven
bv_ite_merge_else_else	Proven
bv_ite_merge_else_if	Proven
bv_ite_merge_then_else	Proven
bv_ite_merge_then_if	Proven
bv_ite_width_one	Proven
bv_ite_width_one_not	Proven
bv_lshr_by_const_0	Proven
bv_lshr_by_const_1	Proven
bv_lshr_by_const_2	Proven
bv_lshr_zero	Proven
bv_lt_self	Proven
bv_merge_sign_extend_1	Proven
bv_merge_sign_extend_2	Proven
bv_mult_pow2_1	Proven
bv_mult_pow2_2	Proven
bv_mult_pow2_2b	Proven
bv_mult_slt_mult_1	Proven
bv_mult_slt_mult_2	Proven
bv_nand_eliminate	Proven
bv_nego_eliminate	Proven
bv_nor_eliminate	Proven
bv_not_idemp	Proven
bv_not_neq	Proven
bv_not_ult	Proven
bv_not_xor	Proven
bv_or_concat_pullup	Proven
bv_or_concat_pullup2	Proven
bv_or_concat_pullup3	Proven
bv_or_simplify_1	Proven
bv_or_simplify_2	Proven
bv_poly_norm	Proven
bv_poly_norm_eq	Proven
bv_redand_eliminate	Proven
bv_redor_eliminate	Proven
bv_repeat_elim	Proven
bv_rotate_left_eliminate_1	Proven
bv_rotate_left_eliminate_2	Proven
bv_rotate_right_eliminate_1	Proven
bv_rotate_right_eliminate_2	Proven
bv_saddo_eliminate	Proven
bv_sdiv_eliminate	Proven
bv_sdivo_eliminate	Proven
bv_sge_eliminate	Proven
bv_sgt_eliminate	Proven
bv_shl_by_const_0	Proven
bv_shl_by_const_1	Proven
bv_shl_by_const_2	Proven
bv_shl_zero	Proven
bv_sign_extend_eliminate_0	Proven
bv_sign_extend_eq_const_1	Proven
bv_sign_extend_eq_const_2	Proven
bv_sign_extend_ult_const_1	Proven
bv_sign_extend_ult_const_2	Proven
bv_sign_extend_ult_const_3	Proven
bv_sign_extend_ult_const_4	Proven
bv_sle_eliminate	Proven
bv_sle_self	Proven
bv_smod_eliminate	Proven
bv_smulo_elim	Proven
bv_srem_eliminate	Proven
bv_ssubo_eliminate	Proven
bv_sub_eliminate	Proven
bv_uaddo_eliminate	Proven
bv_udiv_one	Proven
bv_udiv_pow2_not_one	Proven
bv_udiv_zero	Proven
bv_uge_eliminate	Proven
bv_ugt_eliminate	Proven
bv_ugt_urem	Proven
bv_ule_eliminate	Proven
bv_ule_max	Proven
bv_ule_self	Proven
bv_ule_zero	Proven
bv_ult_add_one	Proven
bv_ult_one	Proven
bv_ult_ones	Proven
bv_ult_self	Proven
bv_ult_zero_1	Proven
bv_ult_zero_2	Proven
bv_umulo_elim	Proven
bv_urem_one	Proven
bv_urem_pow2_not_one	Proven
bv_urem_self	Proven
bv_usubo_eliminate	Proven
bv_xnor_eliminate	Proven
bv_xor_concat_pullup	Proven
bv_xor_concat_pullup2	Proven
bv_xor_concat_pullup3	Proven
bv_xor_duplicate	Proven
bv_xor_not	Proven
bv_xor_ones	Proven
bv_xor_simplify_1	Proven
bv_xor_simplify_2	Proven
bv_xor_simplify_3	Proven
bv_zero_extend_eliminate	Proven
bv_zero_extend_eliminate_0	Proven
bv_zero_extend_eq_const_1	Proven
bv_zero_extend_eq_const_2	Proven
bv_zero_extend_ult_const_1	Proven
bv_zero_extend_ult_const_2	Proven
bv_zero_ule	Proven
chain_m_resolution	Proven
chain_resolution	Proven
cnf_and_neg	Proven
cnf_and_pos	Proven
cnf_equiv_neg1	Proven
cnf_equiv_neg2	Proven
cnf_equiv_pos1	Proven
cnf_equiv_pos2	Proven
cnf_implies_neg1	Proven
cnf_implies_neg2	Proven
cnf_implies_pos	Proven
cnf_ite_neg1	Proven
cnf_ite_neg2	Proven
cnf_ite_neg3	Proven
cnf_ite_pos1	Proven
cnf_ite_pos2	Proven
cnf_ite_pos3	Proven
cnf_or_neg	Proven
cnf_or_pos	Proven
cnf_xor_neg1	Proven
cnf_xor_neg2	Proven
cnf_xor_pos1	Proven
cnf_xor_pos2	Proven
concat_cprop	Proven
concat_csplit	Proven
concat_eq	Proven
concat_lprop	Proven
concat_split	Proven
concat_unify	Proven
cong	Proven
contra	Proven
distinct_binary_elim	Proven
distinct_card_conflict	Proven
distinct_elim	Proven
distinct_false	Proven
distinct_true	Proven
distinct_values	Proven
dt_collapse_selector	Proven
dt_collapse_tester	Proven
dt_collapse_tester_singleton	Proven
dt_collapse_updater	Proven
dt_cons_eq	Proven
dt_cons_eq_clash	Proven
dt_cycle	Proven
dt_inst	Proven
dt_split	Proven
dt_updater_elim	Proven
eq_cond_deq	Proven
eq_ite_lift	Proven
eq_refl	Proven
eq_resolve	Proven
eq_symm	Proven
equiv_elim1	Proven
equiv_elim2	Proven
evaluate	Proven
exists_elim	Proven
exists_string_length	Proven
factoring	Proven
false_elim	Proven
false_intro	Proven
ho_cong	Proven
implies_elim	Proven
instantiate	Proven
int_tight_lb	Proven
int_tight_ub	Proven
int_to_bv_elim	Proven
ite_elim1	Proven
ite_elim2	Proven
ite_else_false	Proven
ite_else_lookahead	Proven
ite_else_lookahead_not_self	Proven
ite_else_lookahead_self	Proven
ite_else_neg_lookahead	Proven
ite_else_true	Proven
ite_eq	Proven
ite_eq_branch	Proven
ite_expand	Proven
ite_false_cond	Proven
ite_neg_branch	Proven
ite_not_cond	Proven
ite_then_false	Proven
ite_then_lookahead	Proven
ite_then_lookahead_not_self	Proven
ite_then_lookahead_self	Proven
ite_then_neg_lookahead	Proven
ite_then_true	Proven
ite_true_cond	Proven
modus_ponens	Proven
nary_cong	Proven
not_and	Proven
not_equiv_elim1	Proven
not_equiv_elim2	Proven
not_implies_elim1	Proven
not_implies_elim2	Proven
not_ite_elim1	Proven
not_ite_elim2	Proven
not_not_elim	Proven
not_or_elim	Proven
not_xor_elim1	Proven
not_xor_elim2	Proven
pairwise_cong	Proven
process_scope	Proven
quant_dt_split	Proven
quant_merge_prenex	Proven
quant_miniscope_and	Proven
quant_miniscope_ite	Proven
quant_miniscope_or	Proven
quant_unused_vars	Proven
quant_var_elim_eq	Proven
quant_var_reordering	Proven
re_all_elim	Proven
re_concat	Proven
re_concat_merge	Proven
re_concat_star_nullable1	Proven
re_concat_star_nullable2	Proven
re_concat_star_repeat	Proven
re_concat_star_swap	Proven
re_diff_elim	Proven
re_eq_elim	Proven
re_in_comp	Proven
re_in_cstring	Proven
re_in_empty	Proven
re_in_sigma	Proven
re_in_sigma_star	Proven
re_inter	Proven
re_inter_all	Proven
re_inter_cstring	Proven
re_inter_cstring_neg	Proven
re_inter_inclusion	Proven
re_loop_elim	Proven
re_loop_neg	Proven
re_loop_star	Proven
re_opt_elim	Proven
re_plus_elim	Proven
re_range_emp	Proven
re_range_non_singleton_1	Proven
re_range_non_singleton_2	Proven
re_range_refl	Proven
re_repeat_elim	Proven
re_star_emp	Proven
re_star_none	Proven
re_star_star	Proven
re_star_union_char	Proven
re_star_union_drop_emp	Proven
re_unfold_neg	Proven
re_unfold_neg_concat_fixed	Proven
re_unfold_pos	Proven
re_union_all	Proven
re_union_const_elim	Proven
re_union_inclusion	Proven
refl	Proven
reordering	Proven
resolution	Proven
scope	Proven
seq_eval_op	Proven
seq_len_rev	Proven
seq_len_unit	Proven
seq_nth_unit	Proven
seq_rev_concat	Proven
seq_rev_rev	Proven
seq_rev_unit	Proven
sets_choose_singleton	Proven
sets_eq_singleton_emp	Proven
sets_eval_op	Proven
sets_ext	Proven
sets_insert_elim	Proven
sets_inter_comm	Proven
sets_inter_emp1	Proven
sets_inter_emp2	Proven
sets_inter_member	Proven
sets_is_empty_elim	Proven
sets_is_singleton_elim	Proven
sets_member_emp	Proven
sets_member_singleton	Proven
sets_minus_emp1	Proven
sets_minus_emp2	Proven
sets_minus_member	Proven
sets_minus_self	Proven
sets_singleton_inj	Proven
sets_subset_elim	Proven
sets_union_comm	Proven
sets_union_emp1	Proven
sets_union_emp2	Proven
sets_union_member	Proven
skolem_intro	Proven
skolemize	Proven
split	Proven
str_at_elim	Proven
str_concat_clash	Proven
str_concat_clash2	Proven
str_concat_clash2_rev	Proven
str_concat_clash_rev	Proven
str_concat_unify	Proven
str_concat_unify_base	Proven
str_concat_unify_base_rev	Proven
str_concat_unify_rev	Proven
str_contains_char	Proven
str_contains_concat_find	Proven
str_contains_concat_find_contra	Proven
str_contains_emp	Proven
str_contains_leq_len_eq	Proven
str_contains_refl	Proven
str_contains_repl_char	Proven
str_contains_repl_self	Proven
str_contains_repl_self_tgt_char	Proven
str_contains_repl_tgt	Proven
str_contains_split_char	Proven
str_ctn_multiset_subset	Proven
str_eq_ctn_false	Proven
str_eq_ctn_full_false1	Proven
str_eq_ctn_full_false2	Proven
str_eq_len_false	Proven
str_eq_repl_emp_tgt_nemp	Proven
str_eq_repl_len_one_emp_prefix	Proven
str_eq_repl_nemp_src_emp	Proven
str_eq_repl_no_change	Proven
str_eq_repl_self_emp	Proven
str_eq_repl_self_src	Proven
str_eq_repl_tgt_eq_len	Proven
str_from_int_no_ctn_nondigit	Proven
str_in_re_concat_star_char	Proven
str_in_re_consume	Proven
str_in_re_contains	Proven
str_in_re_eval	Proven
str_in_re_from_int_dig_range	Proven
str_in_re_from_int_nemp_dig_range	Proven
str_in_re_inter_elim	Proven
str_in_re_range_elim	Proven
str_in_re_sigma	Proven
str_in_re_sigma_star	Proven
str_in_re_union_elim	Proven
str_indexof_contains_concat_pre	Proven
str_indexof_contains_pre	Proven
str_indexof_eq_irr	Proven
str_indexof_find_emp	Proven
str_indexof_no_contains	Proven
str_indexof_oob	Proven
str_indexof_oob2	Proven
str_indexof_re_emp_re	Proven
str_indexof_re_eval	Proven
str_indexof_re_none	Proven
str_indexof_self	Proven
str_is_digit_elim	Proven
str_len_concat_rec	Proven
str_len_eq_zero_base	Proven
str_len_eq_zero_concat_rec	Proven
str_len_replace_all_inv	Proven
str_len_replace_inv	Proven
str_len_substr_in_range	Proven
str_len_update_inv	Proven
str_leq_concat_base_1	Proven
str_leq_concat_base_2	Proven
str_leq_concat_false	Proven
str_leq_concat_true	Proven
str_leq_empty	Proven
str_leq_empty_eq	Proven
str_lt_elim	Proven
str_overlap_endpoints_ctn	Proven
str_overlap_endpoints_indexof	Proven
str_overlap_endpoints_replace	Proven
str_overlap_split_ctn	Proven
str_prefixof_elim	Proven
str_prefixof_eq	Proven
str_prefixof_one	Proven
str_repl_repl_dual_ite1	Proven
str_repl_repl_dual_ite2	Proven
str_repl_repl_dual_self	Proven
str_repl_repl_len_id	Proven
str_repl_repl_lookahead_id_simp	Proven
str_repl_repl_src_inv_no_ctn1	Proven
str_repl_repl_src_inv_no_ctn2	Proven
str_repl_repl_src_inv_no_ctn3	Proven
str_repl_repl_src_self	Proven
str_repl_repl_src_tgt_no_ctn	Proven
str_repl_repl_tgt_no_ctn	Proven
str_repl_repl_tgt_self	Proven
str_replace_all_empty	Proven
str_replace_all_id	Proven
str_replace_all_no_contains	Proven
str_replace_all_self	Proven
str_replace_dual_ctn	Proven
str_replace_dual_ctn_false	Proven
str_replace_emp_ctn_src	Proven
str_replace_empty	Proven
str_replace_find_base	Proven
str_replace_find_first_concat	Proven
str_replace_find_pre	Proven
str_replace_id	Proven
str_replace_no_contains	Proven
str_replace_one_pre	Proven
str_replace_prefix	Proven
str_replace_re_all_eval	Proven
str_replace_re_all_none	Proven
str_replace_re_eval	Proven
str_replace_re_none	Proven
str_replace_self	Proven
str_replace_self_ctn_simp	Proven
str_substr_char_start_eq_len	Proven
str_substr_combine1	Proven
str_substr_combine2	Proven
str_substr_combine3	Proven
str_substr_combine4	Proven
str_substr_concat1	Proven
str_substr_concat2	Proven
str_substr_ctn	Proven
str_substr_ctn_contra	Proven
str_substr_empty_range	Proven
str_substr_empty_start	Proven
str_substr_empty_start_neg	Proven
str_substr_empty_str	Proven
str_substr_eq_empty	Proven
str_substr_eq_empty_leq_len	Proven
str_substr_full	Proven
str_substr_full_eq	Proven
str_substr_len_include	Proven
str_substr_len_include_pre	Proven
str_substr_len_norm	Proven
str_substr_replace	Proven
str_substr_substr_start_geq_len	Proven
str_substr_z_eq_empty_leq	Proven
str_suffixof_elim	Proven
str_suffixof_eq	Proven
str_suffixof_one	Proven
str_to_int_concat_neg_one	Proven
str_to_lower_concat	Proven
str_to_lower_from_int	Proven
str_to_lower_len	Proven
str_to_lower_upper	Proven
str_to_upper_concat	Proven
str_to_upper_from_int	Proven
str_to_upper_len	Proven
str_to_upper_lower	Proven
str_update_in_first_concat	Proven
string_code_inj	Proven
string_decompose	Proven
string_eager_reduction	Proven
string_ext	Proven
string_length_non_empty	Proven
string_length_pos	Proven
string_reduction	Proven
string_seq_unit_inj	Proven
symm	Proven
trans	Proven
true_elim	Proven
true_intro	Proven
ubv_to_int_elim	Proven
uf_bv2nat_geq_elim	Proven
uf_bv2nat_int2bv	Proven
uf_bv2nat_int2bv_extend	Proven
uf_bv2nat_int2bv_extract	Proven
uf_int2bv_bv2nat	Proven
uf_int2bv_bvule_equiv	Proven
uf_int2bv_bvult_equiv	Proven
uf_sbv_to_int_elim	Proven
xor_elim1	Proven
xor_elim2	Proven

summary
Proven	591
Unproven	0
OutOfScope	0
Total	591
