rule,order,proof_loc,proof_files,proof_reach_loc,proof_reach_files,rule_loc,rule_defs,rule_own_loc,rule_reach_loc
Scope,1,1412,3,1412,3,249,16,4,249
Process_scope,2,574,1,1827,3,44,11,4,289
Ite_eq,3,2224,3,3477,5,6,1,6,248
Split,4,85,1,3339,5,3,1,3,245
Resolution,5,3942,2,7196,6,147,40,11,410
Chain_resolution,6,20,1,7196,6,44,8,5,436
Chain_m_resolution,7,20,1,7196,6,34,7,8,465
Factoring,8,20,1,7196,6,3,1,3,401
Reordering,9,20,1,7196,6,4,1,4,400
Eq_resolve,10,315,2,1568,4,3,1,3,260
Modus_ponens,11,178,1,1431,3,3,1,3,260
Not_not_elim,12,175,1,1428,3,3,1,3,248
Contra,13,175,1,1428,3,3,1,3,260
And_elim,14,2203,2,5457,6,18,5,4,384
And_intro,15,37,1,1290,3,3,1,3,248
Not_or_elim,16,18,1,5457,6,4,1,4,388
Implies_elim,17,241,1,1494,3,3,1,3,248
Not_implies_elim1,18,152,1,1405,3,3,1,3,248
Not_implies_elim2,19,154,1,1407,3,3,1,3,248
Equiv_elim1,20,18,1,5457,6,3,1,3,248
Equiv_elim2,21,18,1,5457,6,3,1,3,248
Not_equiv_elim1,22,18,1,5457,6,3,1,3,248
Not_equiv_elim2,23,18,1,5457,6,3,1,3,248
Xor_elim1,24,18,1,5457,6,3,1,3,248
Xor_elim2,25,18,1,5457,6,3,1,3,248
Not_xor_elim1,26,18,1,5457,6,3,1,3,248
Not_xor_elim2,27,18,1,5457,6,3,1,3,248
Ite_elim1,28,18,1,5457,6,3,1,3,248
Ite_elim2,29,18,1,5457,6,3,1,3,248
Not_ite_elim1,30,18,1,5457,6,3,1,3,248
Not_ite_elim2,31,18,1,5457,6,3,1,3,248
Not_and,32,18,1,5457,6,7,2,3,256
Cnf_and_pos,33,110,1,3364,5,4,1,4,385
Cnf_and_neg,34,75,1,3329,5,3,1,3,253
Cnf_or_pos,35,67,1,3321,5,3,1,3,245
Cnf_or_neg,36,124,1,3378,5,4,1,4,385
Cnf_implies_pos,37,116,1,3370,5,3,1,3,245
Cnf_implies_neg1,38,91,1,3345,5,3,1,3,245
Cnf_implies_neg2,39,97,1,3351,5,3,1,3,245
Cnf_equiv_pos1,40,133,1,3387,5,3,1,3,245
Cnf_equiv_pos2,41,133,1,3387,5,3,1,3,245
Cnf_equiv_neg1,42,112,1,3366,5,3,1,3,245
Cnf_equiv_neg2,43,130,1,3384,5,3,1,3,245
Cnf_xor_pos1,44,109,1,3363,5,3,1,3,245
Cnf_xor_pos2,45,123,1,3377,5,3,1,3,245
Cnf_xor_neg1,46,105,1,3359,5,3,1,3,245
Cnf_xor_neg2,47,104,1,3358,5,3,1,3,245
Cnf_ite_pos1,48,161,1,3415,5,3,1,3,245
Cnf_ite_pos2,49,154,1,3408,5,3,1,3,245
Cnf_ite_pos3,50,179,1,3433,5,3,1,3,245
Cnf_ite_neg1,51,152,1,3406,5,3,1,3,245
Cnf_ite_neg2,52,144,1,3398,5,3,1,3,245
Cnf_ite_neg3,53,173,1,3427,5,3,1,3,245
Arrays_read_over_write,54,579,1,1832,3,11,4,3,278
Arrays_read_over_write_contra,55,638,1,1891,3,3,1,3,278
Arrays_read_over_write_1,56,4437,5,5690,7,3,1,3,257
Arrays_ext,57,7965,2,13335,8,5,1,5,250
Refl,58,120,1,1373,3,3,1,3,245
Symm,59,235,1,1488,3,7,2,3,252
Trans,60,457,1,1710,3,9,2,3,262
Cong,61,28035,14,29288,16,20,5,4,396
Nary_cong,62,97,1,29288,16,13,3,4,276
Pairwise_cong,63,146,1,29337,16,3,1,3,275
True_intro,64,79,1,1332,3,3,1,3,248
True_elim,65,52,1,1411,4,3,1,3,248
False_intro,66,127,1,1380,3,3,1,3,248
False_elim,67,157,1,1410,3,3,1,3,248
Ho_cong,68,75,1,29266,16,9,2,3,254
Distinct_elim,69,742,1,1995,3,19,5,3,392
Distinct_true,70,8784,5,47674,24,761,153,3,1156
Distinct_false,71,857,1,2110,3,3,1,3,388
Arith_sum_ub,72,2244,2,3497,4,30,5,3,1065
Arith_mult_pos,73,5347,5,9119,11,93,17,4,1122
Arith_mult_neg,74,61,1,9119,11,20,3,4,1115
Arith_trichotomy,75,1360,1,4181,4,29,5,3,304
Int_tight_ub,76,777,2,2030,4,8,2,3,316
Int_tight_lb,77,47,1,2030,4,6,2,3,296
Arith_mult_tangent,78,1308,1,2877,4,15,1,15,1116
Arith_mult_sign,79,1439,1,6261,6,41,8,4,1076
Arith_mult_abs_comparison,80,56,1,9114,11,20,5,3,1131
Arith_reduction,81,2947,1,4200,3,48,3,3,1155
Arith_poly_norm,82,3869,2,5122,4,77,13,3,400
Arith_poly_norm_rel,83,690,1,3511,4,22,5,3,346
Bv_repeat_elim,84,491,1,1744,3,23,4,5,1140
Bv_smulo_elim,85,4824,2,6077,4,43,4,21,1166
Bv_umulo_elim,86,1148,1,3411,4,23,2,10,1154
Bv_bitwise_slicing,87,2337,1,3590,3,54,9,3,1218
Bv_bitblast_step,88,55045,24,105042,50,294,41,3,1475
Bv_poly_norm,89,1939,1,4760,4,27,4,6,1133
Bv_poly_norm_eq,90,1127,1,2380,3,3,1,3,298
String_length_pos,91,389,1,9228,5,5,1,5,1034
String_length_non_empty,92,483,1,1736,3,8,2,3,261
Concat_eq,93,3705,1,12982,5,23,4,10,1146
Concat_unify,94,1393,1,10142,4,7,1,7,1122
Concat_csplit,95,2103,1,10852,4,12,1,12,1127
Concat_split,96,3047,2,12414,7,27,2,15,1142
Concat_lprop,97,1230,1,12863,7,13,1,13,1140
Concat_cprop,98,7453,1,27077,8,48,6,20,1324
String_decompose,99,1136,1,9885,4,12,1,12,1116
Exists_string_length,100,497,1,1750,3,5,1,5,264
String_code_inj,101,412,1,9251,5,6,1,6,248
String_seq_unit_inj,102,264,1,1517,3,3,1,3,248
Re_inter,103,400,2,2681,6,3,1,3,260
Re_concat,104,332,1,2598,5,7,2,3,380
Re_unfold_pos,105,3773,2,16232,9,37,4,3,325
Re_unfold_neg_concat_fixed,106,3971,2,25901,12,26,3,4,426
Re_unfold_neg,107,2050,1,14696,9,18,3,3,400
String_ext,108,952,1,9993,6,13,2,6,1041
String_reduction,109,38034,14,106806,47,196,8,3,1316
String_eager_reduction,110,45,1,12592,8,25,2,3,1138
Arith_string_pred_entail,111,4627,2,19132,9,8,2,3,413
Arith_string_pred_safe_approx,112,217,1,19199,9,47,5,5,475
Str_in_re_eval,113,194,1,16934,5,87,10,3,1302
Str_in_re_consume,114,43154,6,70728,20,153,18,3,1465
Re_loop_elim,115,325,1,3145,4,11,2,5,1140
Re_eq_elim,116,463,1,20918,8,7,1,7,429
Re_inter_inclusion,117,198,1,27772,15,75,7,6,1398
Re_union_inclusion,118,197,1,27771,15,6,1,6,1398
Str_in_re_concat_star_char,119,1346,1,3425,4,11,2,6,308
Str_in_re_sigma,120,672,1,3140,6,13,2,3,284
Str_in_re_sigma_star,121,888,1,3356,6,9,2,3,278
Str_ctn_multiset_subset,122,4994,3,70681,34,32,5,3,1337
Str_overlap_split_ctn,123,135,1,61907,29,6,1,6,1313
Str_overlap_endpoints_ctn,124,193,1,61965,29,5,1,5,1319
Str_overlap_endpoints_indexof,125,122,1,61894,29,5,1,5,1319
Str_overlap_endpoints_replace,126,196,1,61968,29,7,1,7,1321
Str_indexof_re_eval,127,1513,1,46191,18,22,3,7,1324
Str_replace_re_eval,128,1253,2,45931,19,10,2,3,1324
Str_replace_re_all_eval,129,1275,1,47694,20,15,2,3,1334
Seq_eval_op,130,9208,1,72550,30,84,11,3,1330
Sets_singleton_inj,131,276,1,1529,3,3,1,3,248
Sets_ext,132,483,1,5853,7,5,1,5,250
Sets_eval_op,133,139,1,52954,28,32,6,3,1298
Sets_insert_elim,134,298,1,1551,3,8,2,3,262
Ubv_to_int_elim,135,720,1,1973,3,11,2,5,1148
Int_to_bv_elim,136,719,1,1972,3,17,4,3,1160
Instantiate,137,46731,41,64303,44,44,6,4,1106
Skolemize,138,1585,2,65630,44,11,2,5,488
Skolem_intro,139,105,1,1358,3,3,1,3,245
Alpha_equiv,140,2022,2,67498,45,20,5,5,1133
Quant_var_reordering,141,827,1,2282,4,3,1,3,407
Exists_elim,142,557,1,2012,4,3,1,3,275
Quant_unused_vars,143,3016,1,26812,5,16,3,5,503
Quant_merge_prenex,144,1295,1,2750,4,16,3,5,406
Quant_miniscope_and,145,1264,1,2719,4,8,2,3,262
Quant_miniscope_or,146,1924,1,26012,7,30,5,3,460
Quant_miniscope_ite,147,643,1,26440,7,6,1,6,436
Quant_var_elim_eq,148,3906,2,98038,60,16,3,3,478
Quant_dt_split,149,5226,3,104336,63,44,8,3,1139
Dt_split,150,839,1,4415,6,8,2,3,1060
Dt_inst,151,1752,1,10823,5,33,6,3,1109
Dt_collapse_selector,152,5438,2,14509,6,21,5,3,1093
Dt_collapse_tester,153,1967,2,31480,18,9,2,3,304
Dt_collapse_tester_singleton,154,402,1,1977,4,3,1,3,1043
Dt_cons_eq,155,149,1,36265,20,9,2,3,420
Dt_cons_eq_clash,156,208,1,47311,24,3,1,3,1138
Dt_cycle,157,965,1,44577,21,20,4,3,315
Dt_collapse_updater,158,2168,1,46474,20,23,4,3,1093
Dt_updater_elim,159,1613,1,3390,5,37,6,5,1128
Evaluate,160,25589,6,103723,37,333,20,3,1616
Distinct_values,161,223,1,47326,24,4,1,4,1139
Aci_norm,162,22569,1,32672,6,79,14,6,1234
Absorb,163,1672,1,5752,6,34,6,3,1092
Distinct_card_conflict,164,1169,1,2422,3,18,4,3,1065
Arith_int_div_total_one,165,166,1,1419,3,3,1,3,245
Arith_int_div_total_zero,166,169,1,1422,3,3,1,3,245
Arith_int_mod_total_one,167,174,1,1427,3,3,1,3,245
Arith_int_mod_total_zero,168,166,1,1419,3,3,1,3,245
Bool_double_not_elim,169,120,1,1373,3,3,1,3,245
Bool_eq_false,170,139,1,1392,3,3,1,3,245
Bool_eq_nrefl,171,137,1,1390,3,3,1,3,245
Bool_eq_true,172,127,1,1380,3,3,1,3,245
Bool_not_false,173,275,1,1528,3,4,1,4,261
Bool_not_true,174,260,1,1513,3,4,1,4,261
Bv_ashr_by_const_0,175,409,1,1662,3,4,1,4,246
Bv_ashr_zero,176,416,1,1669,3,6,1,6,248
Bv_commutative_comp,177,387,1,1640,3,4,1,4,246
Bv_eq_not_solve,178,443,1,1696,3,4,1,4,246
Bv_lshr_by_const_0,179,325,1,1578,3,4,1,4,246
Bv_lshr_zero,180,405,1,1658,3,6,1,6,248
Bv_not_idemp,181,265,1,1518,3,3,1,3,245
Bv_not_neq,182,497,1,1750,3,4,1,4,261
Bv_not_ult,183,390,1,1643,3,4,1,4,246
Bv_sge_eliminate,184,331,1,1584,3,4,1,4,246
Bv_sgt_eliminate,185,331,1,1584,3,4,1,4,246
Bv_shl_by_const_0,186,321,1,1574,3,4,1,4,246
Bv_shl_zero,187,405,1,1658,3,6,1,6,248
Bv_sign_extend_eliminate_0,188,407,1,1660,3,3,1,3,245
Bv_sle_eliminate,189,393,1,1646,3,4,1,4,246
Bv_sle_self,190,184,1,1437,3,3,1,3,245
Bv_udiv_one,191,369,1,1622,3,4,1,4,246
Bv_udiv_zero,192,359,1,1612,3,6,1,6,248
Bv_uge_eliminate,193,331,1,1584,3,4,1,4,246
Bv_ugt_eliminate,194,331,1,1584,3,4,1,4,246
Bv_ule_eliminate,195,392,1,1645,3,4,1,4,246
Bv_ule_self,196,182,1,1435,3,3,1,3,245
Bv_ule_zero,197,359,1,1612,3,6,1,6,248
Bv_ult_one,198,593,1,1846,3,7,1,7,264
Bv_ult_zero_1,199,381,1,1634,3,6,1,6,248
Bv_urem_one,200,384,1,1637,3,6,1,6,248
Bv_zero_extend_eliminate,201,529,1,1782,3,4,1,4,246
Bv_zero_extend_eliminate_0,202,220,1,1473,3,3,1,3,245
Bv_zero_ule,203,324,1,1577,3,4,1,4,246
Eq_refl,204,107,1,1360,3,3,1,3,245
Re_all_elim,205,68,1,1321,3,1,1,1,243
Re_star_emp,206,78,1,1331,3,3,1,3,245
Re_star_none,207,69,1,1322,3,1,1,1,243
Uf_bv2nat_geq_elim,208,836,1,2089,3,6,1,6,281
Uf_bv2nat_int2bv,209,437,1,1690,3,5,1,5,280
Uf_bv2nat_int2bv_extend,210,920,1,2173,3,6,1,6,281
Uf_int2bv_bv2nat,211,317,1,1570,3,4,1,4,246
Uf_int2bv_bvule_equiv,212,410,1,1663,3,4,1,4,246
Uf_int2bv_bvult_equiv,213,383,1,1636,3,4,1,4,246
Uf_sbv_to_int_elim,214,1085,1,2338,3,8,1,8,283
Bv_lt_self,215,188,1,1531,4,3,1,3,245
Bv_ult_self,216,182,1,1525,4,3,1,3,245
Bv_ult_zero_2,217,307,1,1650,4,4,1,4,246
Eq_symm,218,199,1,1768,4,4,1,4,246
Ite_else_lookahead,219,274,1,1843,4,9,1,9,251
Ite_else_neg_lookahead,220,288,1,1857,4,8,1,8,250
Ite_eq_branch,221,183,1,1752,4,4,1,4,246
Ite_false_cond,222,172,1,1741,4,4,1,4,246
Ite_not_cond,223,247,1,1816,4,5,1,5,247
Ite_then_lookahead,224,274,1,1843,4,9,1,9,251
Ite_then_neg_lookahead,225,307,1,1876,4,8,1,8,250
Ite_true_cond,226,172,1,1741,4,4,1,4,246
Re_loop_neg,227,358,1,3178,4,6,1,6,281
Re_range_non_singleton_1,228,331,1,2410,4,5,1,5,262
Re_range_non_singleton_2,229,331,1,2410,4,5,1,5,262
Re_range_refl,230,346,1,2425,4,4,1,4,261
Bool_and_conf,231,191,1,3445,5,6,1,6,380
Bool_and_conf2,232,193,1,3447,5,6,1,6,380
Bool_and_de_morgan,233,417,1,3671,5,7,1,7,386
Bool_dual_impl_eq,234,184,1,3438,5,4,1,4,246
Bool_impl_elim,235,177,1,3431,5,4,1,4,246
Bool_impl_false1,236,131,1,3385,5,3,1,3,245
Bool_impl_false2,237,132,1,3386,5,3,1,3,245
Bool_impl_true1,238,127,1,3381,5,3,1,3,245
Bool_impl_true2,239,126,1,3380,5,3,1,3,245
Bool_implies_de_morgan,240,187,1,3441,5,4,1,4,246
Bool_implies_or_distrib,241,491,1,3745,5,8,1,8,387
Bool_not_xor_elim,242,168,1,3422,5,4,1,4,246
Bool_or_and_distrib,243,550,1,3804,5,10,1,10,389
Bool_or_de_morgan,244,417,1,3671,5,7,1,7,386
Bool_or_taut,245,191,1,3445,5,6,1,6,380
Bool_or_taut2,246,192,1,3446,5,6,1,6,380
Bool_xor_comm,247,160,1,3414,5,4,1,4,246
Bool_xor_elim,248,167,1,3421,5,4,1,4,246
Bool_xor_false,249,126,1,3380,5,3,1,3,245
Bool_xor_nrefl,250,132,1,3386,5,3,1,3,245
Bool_xor_refl,251,124,1,3378,5,3,1,3,245
Bool_xor_true,252,131,1,3385,5,3,1,3,245
Ite_else_false,253,175,1,3429,5,4,1,4,246
Ite_else_lookahead_not_self,254,167,1,3421,5,6,1,6,248
Ite_else_lookahead_self,255,163,1,3417,5,6,1,6,248
Ite_else_true,256,181,1,3435,5,4,1,4,246
Ite_then_false,257,181,1,3435,5,4,1,4,246
Ite_then_lookahead_not_self,258,167,1,3421,5,6,1,6,248
Ite_then_lookahead_self,259,163,1,3417,5,6,1,6,248
Ite_then_true,260,175,1,3429,5,4,1,4,246
Re_range_emp,261,518,1,2784,5,5,1,5,280
Str_in_re_range_elim,262,627,1,2893,5,8,1,8,283
Bool_not_eq_elim1,263,210,1,3780,6,4,1,4,246
Bool_not_eq_elim2,264,213,1,3783,6,6,1,6,248
Bool_not_ite_elim,265,271,1,3841,6,7,1,7,249
Eq_ite_lift,266,303,1,3873,6,8,1,8,250
Ite_expand,267,291,1,3861,6,5,1,5,247
Arith_abs_eq,268,520,1,1975,4,6,1,6,248
Arith_divisible_elim,269,292,1,1747,4,5,1,5,262
Arith_geq_ite_lift,270,331,1,5469,7,8,1,8,250
Arith_int_div_total,271,292,1,1747,4,5,1,5,262
Arith_int_div_total_neg,272,307,1,1762,4,7,1,7,264
Arith_int_eq_conflict,273,319,1,1774,4,5,1,5,280
Arith_int_geq_tighten,274,476,1,1931,4,6,1,6,281
Arith_int_mod_total,275,292,1,1747,4,5,1,5,262
Arith_int_mod_total_neg,276,289,1,1744,4,7,1,7,264
Arith_leq_ite_lift,277,331,1,5469,7,8,1,8,250
Arith_mod_over_mod_1,278,265,1,1720,4,7,1,7,264
Bv_comp_eliminate,279,428,1,1883,4,6,1,6,248
Bv_extract_whole,280,479,1,1934,4,5,1,5,280
Bv_ite_const_children_1,281,313,1,1768,4,5,1,5,247
Bv_ite_const_children_2,282,278,1,1733,4,5,1,5,247
Bv_ite_equal_children,283,236,1,1691,4,4,1,4,246
Bv_ite_width_one,284,300,1,1755,4,6,1,6,248
Bv_ite_width_one_not,285,339,1,1794,4,6,1,6,248
Bv_smod_eliminate,286,2101,1,3556,4,21,1,21,1119
Bv_ugt_urem,287,796,1,2251,4,8,1,8,283
Bv_urem_self,288,473,1,1928,4,5,1,5,280
Distinct_binary_elim,289,317,1,1772,4,4,1,4,1099
Re_loop_star,290,404,1,4540,7,8,1,8,283
Re_plus_elim,291,279,1,1734,4,3,1,3,245
Re_repeat_elim,292,229,1,1684,4,4,1,4,246
Re_star_star,293,182,1,1637,4,5,1,5,247
Str_indexof_re_emp_re,294,637,1,2092,4,6,1,6,281
Str_indexof_re_none,295,321,1,1776,4,4,1,4,246
Str_lt_elim,296,258,1,1713,4,4,1,4,246
Str_prefixof_elim,297,282,1,1737,4,4,1,4,246
Str_replace_re_all_none,298,361,1,1816,4,4,1,4,246
Str_replace_re_none,299,348,1,1803,4,4,1,4,246
Str_suffixof_elim,300,313,1,1768,4,6,1,6,248
Uf_bv2nat_int2bv_extract,301,718,1,2173,4,6,1,6,281
Bv_commutative_add,302,58,1,2351,5,7,1,7,1102
Bv_commutative_xor,303,58,1,4268,5,7,1,7,1102
Bv_eq_xor_solve,304,63,1,4273,5,7,1,7,1102
Bv_extract_extract,305,126,1,2744,5,10,1,10,285
Bv_extract_not,306,65,1,2683,5,7,1,7,249
Bv_ite_equal_cond_1,307,379,2,1834,5,9,1,9,251
Bv_ite_equal_cond_2,308,296,1,2049,5,9,1,9,251
Bv_ite_equal_cond_3,309,342,1,2095,5,10,1,10,252
Bv_nand_eliminate,310,60,1,2581,5,4,1,4,1099
Bv_nego_eliminate,311,100,1,2113,5,5,1,5,280
Bv_nor_eliminate,312,60,1,2581,5,4,1,4,1099
Bv_not_xor,313,63,1,4273,5,7,1,7,249
Bv_redand_eliminate,314,458,1,2229,5,5,1,5,280
Bv_redor_eliminate,315,446,1,2217,5,5,1,5,280
Bv_rotate_left_eliminate_2,316,925,2,2380,5,5,1,5,280
Bv_rotate_right_eliminate_2,317,102,1,2380,5,5,1,5,280
Bv_sub_eliminate,318,56,1,2349,5,4,1,4,1099
Bv_xnor_eliminate,319,60,1,2581,5,4,1,4,1099
Bv_xor_duplicate,320,91,1,4301,5,7,1,7,1105
Bv_xor_not,321,56,1,4266,5,6,1,6,1101
Re_diff_elim,322,313,1,2594,5,4,1,4,246
Re_in_comp,323,325,1,2606,5,6,1,6,248
Re_in_empty,324,222,1,2503,5,3,1,3,245
Re_opt_elim,325,235,1,2516,5,3,1,3,245
Seq_len_rev,326,209,1,9160,5,3,1,3,245
Seq_len_unit,327,156,1,9107,5,3,1,3,245
Seq_nth_unit,328,178,1,9129,5,3,1,3,245
Seq_rev_rev,329,205,1,9156,5,3,1,3,245
Seq_rev_unit,330,161,1,9112,5,5,1,5,247
Sets_inter_member,331,470,1,2429,5,7,1,7,249
Sets_is_singleton_elim,332,257,1,2216,5,3,1,3,245
Sets_minus_member,333,379,1,2338,5,7,1,7,249
Sets_union_member,334,374,1,2333,5,7,1,7,249
Str_at_elim,335,258,1,9209,5,4,1,4,246
Str_len_concat_rec,336,445,1,9396,5,7,1,7,386
Str_len_eq_zero_base,337,323,1,9274,5,4,1,4,254
Str_len_eq_zero_concat_rec,338,716,1,9667,5,8,1,8,391
Str_substr_char_start_eq_len,339,489,1,9440,5,5,1,5,270
Str_substr_empty_range,340,479,1,9430,5,6,1,6,271
Str_substr_empty_start,341,484,1,9435,5,6,1,6,289
Str_substr_empty_start_neg,342,479,1,9430,5,6,1,6,271
Str_substr_empty_str,343,323,1,9274,5,6,1,6,263
Str_substr_substr_start_geq_len,344,652,1,9603,5,8,1,8,291
Str_to_lower_concat,345,623,1,9574,5,7,1,7,386
Str_to_lower_from_int,346,277,1,9228,5,5,1,5,247
Str_to_lower_len,347,218,1,9169,5,3,1,3,245
Str_to_lower_upper,348,276,1,9227,5,3,1,3,245
Str_to_upper_concat,349,623,1,9574,5,7,1,7,386
Str_to_upper_from_int,350,277,1,9228,5,5,1,5,247
Str_to_upper_len,351,218,1,9169,5,3,1,3,245
Str_to_upper_lower,352,274,1,9225,5,3,1,3,245
Bv_eq_extract_elim1,353,2867,2,5485,6,10,1,10,285
Bv_eq_extract_elim2,354,93,1,5426,6,8,1,8,283
Bv_eq_extract_elim3,355,93,1,5426,6,8,1,8,283
Bv_extract_sign_extend_1,356,90,1,3251,6,9,1,9,284
Bv_ite_merge_else_else,357,467,1,3230,6,6,1,6,248
Bv_ite_merge_else_if,358,435,1,3198,6,6,1,6,248
Bv_ite_merge_then_else,359,472,1,3235,6,6,1,6,248
Bv_ite_merge_then_if,360,461,1,3224,6,6,1,6,248
Bv_sdivo_eliminate,361,632,1,2961,6,7,1,7,282
Eq_cond_deq,362,436,1,3892,6,10,1,10,285
Re_in_sigma,363,251,1,2719,6,3,1,3,245
Re_in_sigma_star,364,236,1,2704,6,3,1,3,245
Str_concat_clash,365,1362,2,10313,6,7,1,7,282
Str_concat_clash2,366,136,1,10306,6,6,1,6,281
Str_concat_clash2_rev,367,195,1,10365,6,6,1,6,1111
Str_concat_clash_rev,368,216,1,10386,6,7,1,7,1112
Str_contains_emp,369,294,1,10121,6,5,1,5,262
Str_contains_leq_len_eq,370,379,1,10206,6,5,1,5,280
Str_contains_refl,371,202,1,10029,6,3,1,3,245
Str_eq_ctn_full_false1,372,267,1,10094,6,5,1,5,280
Str_eq_ctn_full_false2,373,266,1,10093,6,5,1,5,280
Str_eq_len_false,374,284,1,10111,6,5,1,5,280
Str_indexof_eq_irr,375,699,1,10526,6,7,1,7,282
Str_indexof_find_emp,376,498,1,10325,6,6,1,6,281
Str_indexof_no_contains,377,559,1,10386,6,6,1,6,281
Str_indexof_oob,378,366,1,10193,6,6,1,6,281
Str_indexof_oob2,379,330,1,10157,6,6,1,6,263
Str_indexof_self,380,415,1,10242,6,7,1,7,257
Str_is_digit_elim,381,268,1,10095,6,5,1,5,247
Str_len_substr_in_range,382,633,1,10460,6,6,1,6,281
Str_len_update_inv,383,406,1,10233,6,5,1,5,247
Str_leq_empty,384,259,1,10086,6,3,1,3,245
Str_leq_empty_eq,385,259,1,10086,6,3,1,3,245
Str_prefixof_eq,386,354,1,10181,6,5,1,5,280
Str_prefixof_one,387,420,1,10247,6,5,1,5,262
Str_substr_eq_empty,388,657,1,10484,6,7,1,7,282
Str_substr_eq_empty_leq_len,389,673,1,10500,6,7,1,7,282
Str_substr_full,390,362,1,10189,6,5,1,5,280
Str_substr_full_eq,391,348,1,10175,6,5,1,5,280
Str_substr_len_norm,392,423,1,10250,6,8,1,8,283
Str_substr_z_eq_empty_leq,393,562,1,10389,6,6,1,6,281
Str_suffixof_eq,394,422,1,10249,6,5,1,5,280
Str_suffixof_one,395,426,1,10253,6,5,1,5,262
Arith_mod_over_mod,396,1117,2,11636,7,7,1,7,396
Arith_mod_over_mod_mult,397,604,1,11636,7,7,1,7,396
Array_read_over_write,398,269,1,5639,7,5,1,5,247
Array_read_over_write2,399,610,1,5980,7,7,1,7,282
Array_store_overwrite,400,325,1,5695,7,8,1,8,250
Array_store_self,401,233,1,5603,7,4,1,4,246
Array_store_swap,402,711,1,6081,7,10,1,10,285
Bv_extract_concat_1,403,5025,2,15139,7,10,1,10,395
Bv_extract_concat_2,404,237,1,15235,7,12,1,12,409
Bv_extract_concat_3,405,212,1,15210,7,12,1,12,409
Bv_extract_concat_4,406,140,1,15138,7,11,1,11,408
Bv_extract_sign_extend_2,407,1073,2,4234,7,9,1,9,284
Bv_merge_sign_extend_1,408,1148,2,4309,7,7,1,7,282
Bv_merge_sign_extend_2,409,155,1,4333,7,7,1,7,282
Bv_rotate_left_eliminate_1,410,1743,2,5184,7,8,1,8,283
Bv_rotate_right_eliminate_1,411,213,1,5180,7,8,1,8,283
Ite_neg_branch,412,299,1,4071,7,6,1,6,281
Str_concat_unify,413,1796,2,11966,7,11,1,11,390
Str_concat_unify_base,414,188,1,11978,7,8,1,8,391
Str_concat_unify_base_rev,415,251,1,12041,7,8,1,8,1122
Str_concat_unify_rev,416,257,1,12047,7,11,1,11,1125
Str_contains_char,417,613,1,10530,7,5,1,5,270
Str_contains_repl_self,418,506,1,11192,7,4,1,4,246
Str_eq_repl_emp_tgt_nemp,419,492,1,11178,7,7,1,7,282
Str_eq_repl_len_one_emp_prefix,420,387,1,11073,7,6,1,6,281
Str_eq_repl_nemp_src_emp,421,479,1,11165,7,7,1,7,282
Str_eq_repl_no_change,422,505,1,11191,7,6,1,6,281
Str_eq_repl_self_emp,423,442,1,11128,7,6,1,6,263
Str_eq_repl_self_src,424,399,1,11085,7,4,1,4,246
Str_eq_repl_tgt_eq_len,425,351,1,11037,7,8,1,8,283
Str_len_replace_inv,426,407,1,11093,7,6,1,6,281
Str_repl_repl_dual_self,427,208,1,10894,7,6,1,6,248
Str_repl_repl_len_id,428,380,1,11066,7,5,1,5,280
Str_repl_repl_src_self,429,251,1,10937,7,7,1,7,249
Str_repl_repl_tgt_self,430,185,1,10871,7,4,1,4,246
Str_replace_dual_ctn,431,709,1,11395,7,7,1,7,282
Str_replace_dual_ctn_false,432,729,1,11415,7,7,1,7,282
Str_replace_emp_ctn_src,433,460,1,11146,7,8,1,8,265
Str_replace_empty,434,498,1,11184,7,6,1,6,1104
Str_replace_id,435,302,1,10988,7,4,1,4,246
Str_replace_no_contains,436,368,1,11054,7,6,1,6,281
Str_replace_prefix,437,478,1,11164,7,8,1,8,250
Str_replace_self,438,285,1,10971,7,4,1,4,246
Str_replace_self_ctn_simp,439,575,1,11261,7,6,1,6,248
Array_read_over_write_split,440,451,1,6137,8,6,1,6,248
Bv_extract_sign_extend_3,441,1140,2,5219,8,9,1,9,284
Bv_sdiv_eliminate,442,110,1,4247,8,12,1,12,287
Seq_rev_concat,443,916,1,12751,8,8,1,8,1122
Str_contains_repl_tgt,444,540,1,11316,8,7,1,7,249
Str_leq_concat_base_1,445,382,1,11321,8,6,1,6,281
Str_leq_concat_base_2,446,381,1,11320,8,8,1,8,283
Arith_abs_int_gt,447,3780,2,9120,9,9,1,9,251
Arith_abs_real_gt,448,393,1,9127,9,9,1,9,253
Arith_div_total_zero_int,449,56,1,8790,9,3,1,3,247
Arith_div_total_zero_real,450,56,1,8790,9,3,1,3,247
Arith_elim_gt,451,62,1,8796,9,4,1,4,246
Arith_elim_int_gt,452,62,1,8796,9,4,1,4,246
Arith_elim_int_lt,453,62,1,8796,9,4,1,4,246
Arith_elim_leq,454,62,1,8796,9,4,1,4,246
Arith_elim_lt,455,62,1,8796,9,4,1,4,246
Arith_eq_elim_int,456,62,1,8796,9,4,1,4,246
Arith_eq_elim_real,457,62,1,8796,9,4,1,4,246
Arith_geq_norm1_int,458,62,1,8796,9,4,1,4,246
Arith_geq_norm1_real,459,62,1,8796,9,4,1,4,248
Arith_geq_tighten,460,62,1,8796,9,4,1,4,246
Arith_leq_norm,461,62,1,8796,9,4,1,4,246
Arith_max_geq1,462,62,1,8796,9,4,1,4,246
Arith_max_geq2,463,62,1,8796,9,4,1,4,246
Arith_min_lt1,464,62,1,8796,9,4,1,4,246
Arith_min_lt2,465,62,1,8796,9,4,1,4,246
Arith_to_int_elim_to_real,466,56,1,8790,9,3,1,3,245
Bv_srem_eliminate,467,550,2,4687,9,11,1,11,286
Bv_xor_simplify_1,468,1922,2,15516,9,8,1,8,394
Bv_xor_simplify_2,469,111,1,15516,9,6,1,6,392
Bv_xor_simplify_3,470,111,1,15516,9,6,1,6,392
Str_contains_repl_char,471,468,1,12093,9,9,1,9,284
Str_contains_repl_self_tgt_char,472,321,1,11946,9,6,1,6,263
Str_repl_repl_dual_ite1,473,362,1,11987,9,9,1,9,284
Str_repl_repl_dual_ite2,474,386,1,12011,9,9,1,9,284
Str_repl_repl_src_inv_no_ctn1,475,298,1,11923,9,8,1,8,283
Str_repl_repl_src_inv_no_ctn2,476,298,1,11923,9,8,1,8,283
Str_repl_repl_src_inv_no_ctn3,477,439,1,12064,9,10,1,10,285
Str_repl_repl_src_tgt_no_ctn,478,324,1,11949,9,9,1,9,284
Str_repl_repl_tgt_no_ctn,479,306,1,11931,9,7,1,7,282
Bv_concat_merge_const,480,1550,2,19320,10,12,1,12,409
Bv_usubo_eliminate,481,110,1,5836,10,8,1,8,283
Str_substr_combine1,482,589,1,12421,10,10,1,10,285
Str_substr_combine2,483,542,1,12374,10,10,1,10,285
Str_substr_combine3,484,660,1,12492,10,10,1,10,285
Str_substr_combine4,485,620,1,12452,10,10,1,10,285
Str_substr_concat1,486,395,1,12227,10,7,1,7,282
Str_substr_ctn,487,246,1,12078,10,5,1,5,247
Str_substr_ctn_contra,488,329,1,12161,10,7,1,7,282
Str_substr_len_include,489,382,1,12214,10,7,1,7,282
Str_substr_replace,490,462,1,12294,10,7,1,7,282
Bv_concat_extract_merge,491,1451,2,20647,11,10,1,10,407
Bv_uaddo_eliminate,492,803,2,6529,11,10,1,10,1108
Re_concat_star_nullable1,493,776,2,23887,14,8,1,8,397
Re_concat_star_nullable2,494,281,1,23886,14,8,1,8,397
Str_leq_concat_false,495,986,2,14764,11,8,1,8,393
Str_leq_concat_true,496,715,1,14810,11,8,1,8,393
Str_substr_concat2,497,632,1,14375,11,10,1,10,400
Str_substr_len_include_pre,498,697,1,14440,11,10,1,10,1120
Str_contains_split_char,499,516,1,15187,12,9,1,9,391
Str_indexof_contains_pre,500,615,1,15286,12,7,1,7,282
Str_update_in_first_concat,501,772,1,15443,12,9,1,9,284
Bv_saddo_eliminate,502,110,1,8062,13,14,1,14,1112
Str_replace_find_base,503,1372,2,16043,13,8,1,8,1106
Str_replace_find_first_concat,504,219,1,15948,13,9,1,9,284
Bv_and_concat_pullup,505,6902,2,30522,14,16,1,16,1133
Bv_and_concat_pullup2,506,19,1,30414,14,16,1,16,1133
Bv_and_concat_pullup3,507,19,1,30414,14,18,1,18,1135
Bv_or_concat_pullup,508,127,1,30522,14,16,1,16,1133
Bv_or_concat_pullup2,509,19,1,30414,14,16,1,16,1133
Bv_or_concat_pullup3,510,19,1,30414,14,18,1,18,1135
Bv_ssubo_eliminate,511,849,2,8801,14,14,1,14,289
Bv_ule_max,512,228,1,8937,14,6,1,6,281
Bv_ult_ones,513,180,1,8889,14,8,1,8,1106
Bv_xor_concat_pullup,514,127,1,30522,14,16,1,16,1133
Bv_xor_concat_pullup2,515,19,1,30414,14,16,1,16,1133
Bv_xor_concat_pullup3,516,19,1,30414,14,18,1,18,1135
Str_contains_concat_find,517,888,2,15922,14,7,1,7,392
Str_contains_concat_find_contra,518,256,1,15892,14,7,1,7,392
Str_eq_ctn_false,519,325,1,15961,14,7,1,7,392
Str_to_int_concat_neg_one,520,450,1,16086,14,6,1,6,391
Bv_ashr_by_const_2,521,1986,2,10695,15,8,1,8,283
Bv_lshr_by_const_2,522,93,1,10662,15,8,1,8,283
Bv_shl_by_const_2,523,110,1,10679,15,7,1,7,282
Bv_sign_extend_eq_const_1,524,7879,2,16588,15,14,1,14,289
Bv_sign_extend_eq_const_2,525,144,1,16588,15,14,1,14,289
Bv_sign_extend_ult_const_1,526,111,1,16555,15,10,1,10,285
Bv_sign_extend_ult_const_2,527,124,1,16568,15,8,1,8,283
Bv_sign_extend_ult_const_3,528,111,1,16555,15,10,1,10,285
Bv_sign_extend_ult_const_4,529,124,1,16568,15,8,1,8,283
Bv_zero_extend_eq_const_1,530,123,1,16567,15,11,1,11,286
Bv_zero_extend_eq_const_2,531,123,1,16567,15,11,1,11,286
Bv_zero_extend_ult_const_1,532,111,1,16555,15,10,1,10,285
Bv_zero_extend_ult_const_2,533,111,1,16555,15,10,1,10,285
Re_in_cstring,534,480,1,28054,15,4,1,4,246
Re_inter_all,535,320,1,27894,15,4,1,4,390
Re_union_all,536,299,1,27873,15,6,1,6,380
Re_union_const_elim,537,468,1,28042,15,5,1,5,280
Str_in_re_inter_elim,538,542,1,28116,15,9,1,9,388
Str_in_re_union_elim,539,542,1,28116,15,9,1,9,388
Bv_ashr_by_const_1,540,2456,2,13025,16,7,1,7,282
Bv_lshr_by_const_1,541,101,1,13025,16,7,1,7,282
Bv_shl_by_const_1,542,101,1,13025,16,7,1,7,282
Re_inter_cstring,543,534,2,28108,16,8,1,8,283
Re_inter_cstring_neg,544,438,1,28354,16,6,1,6,281
Str_in_re_from_int_dig_range,545,68,1,28057,16,3,1,3,247
Str_in_re_from_int_nemp_dig_range,546,555,1,28544,16,6,1,6,265
Bv_udiv_pow2_not_one,547,1791,2,13272,17,8,1,8,283
Bv_urem_pow2_not_one,548,142,1,13271,17,8,1,8,283
Re_concat_star_repeat,549,904,2,28972,17,8,1,8,394
Re_concat_star_swap,550,279,1,28947,17,8,1,8,382
Re_star_union_char,551,229,1,28897,17,4,1,4,378
Re_star_union_drop_emp,552,277,1,28945,17,4,1,4,390
Str_from_int_no_ctn_nondigit,553,541,1,29406,17,5,1,5,280
Bv_and_simplify_1,554,1651,2,21508,18,8,1,8,393
Bv_and_simplify_2,555,154,1,21508,18,8,1,8,393
Bv_or_simplify_1,556,1641,2,21443,18,8,1,8,393
Bv_or_simplify_2,557,154,1,21443,18,8,1,8,393
Bv_xor_ones,558,213,1,20655,18,7,1,7,404
Str_in_re_contains,559,714,1,30872,18,6,1,6,248
Bv_mult_pow2_2b,560,1876,2,15744,19,8,1,8,1106
Bv_ult_add_one,561,1018,2,22204,20,10,1,10,407
Re_concat_merge,562,490,1,31146,20,6,1,6,392
Bv_mult_pow2_1,563,2883,3,30232,25,12,1,12,409
Bv_mult_pow2_2,564,148,1,30232,25,12,1,12,409
Str_indexof_contains_concat_pre,565,2291,2,38217,27,8,1,8,1122
Str_repl_repl_lookahead_id_simp,566,371,1,37976,27,8,1,8,283
Str_replace_find_pre,567,520,1,38125,27,8,1,8,1122
Str_replace_one_pre,568,789,1,38394,27,11,1,11,1128
Sets_choose_singleton,569,2857,2,55672,29,3,1,3,245
Sets_eq_singleton_emp,570,139,1,55590,29,5,1,5,280
Sets_inter_comm,571,256,1,55707,29,4,1,4,246
Sets_inter_emp1,572,137,1,55588,29,5,1,5,280
Sets_inter_emp2,573,137,1,55588,29,5,1,5,280
Sets_is_empty_elim,574,257,1,55708,29,4,1,4,246
Sets_member_emp,575,134,1,55585,29,5,1,5,280
Sets_member_singleton,576,306,1,55757,29,4,1,4,246
Sets_minus_emp1,577,137,1,55588,29,5,1,5,280
Sets_minus_emp2,578,137,1,55588,29,5,1,5,280
Sets_minus_self,579,128,1,55579,29,4,1,4,246
Sets_subset_elim,580,306,1,55757,29,4,1,4,246
Sets_union_comm,581,242,1,55693,29,4,1,4,246
Sets_union_emp1,582,137,1,55588,29,5,1,5,280
Sets_union_emp2,583,137,1,55588,29,5,1,5,280
Str_len_replace_all_inv,584,396,1,63738,30,6,1,6,281
Str_replace_all_empty,585,327,1,63669,30,6,1,6,263
Str_replace_all_id,586,297,1,63639,30,4,1,4,246
Str_replace_all_no_contains,587,350,1,63692,30,6,1,6,281
Str_replace_all_self,588,318,1,63660,30,5,1,5,262
Bv_mult_slt_mult_1,589,2236,2,108991,43,16,1,16,1114
Bv_mult_slt_mult_2,590,112,1,108991,43,16,1,16,1114
Bv_extract_mult_leading_bit,591,2109,2,115872,45,14,1,14,1112
